"id","legislature_id","party_group_id","party_id","percentage","votes"
"__export__.plain_result_abs_party_2976_54bffa2c","","IA (RIN)","AET","0.18229166666666666","14"
"__export__.plain_result_abs_party_2977_5c4ac252","","DER (RIN)","AN18","0.13020833333333331","10"
"__export__.plain_result_abs_party_2978_dc92b4ea","","DER (RIN)","AP","1.5494791666666667","119"
"__export__.plain_result_abs_party_2979_aebf76cf","","DER (RIN)","ASDCI","0.3515625","27"
"__export__.plain_result_abs_party_2980_729aff0a","","DER (RIN)","FDC-EDC","0.32552083333333337","25"
"__export__.plain_result_abs_party_2981_fc93430c","","IT (RIN)","FDI","0.546875","42"
"__export__.plain_result_abs_party_2982_26b69509","","IA (RIN)","FUT","0.2734375","21"
"__export__.plain_result_abs_party_2983_1bc3a963","","IT (RIN)","MSA","0.22135416666666666","17"
"__export__.plain_result_abs_party_2984_9fcb5a5b","","IA (RIN)","PCE","27.682291666666664","2126"
"__export__.plain_result_abs_party_2985_a39a8421","","IT (RIN)","PSOE","49.21915668922436","3786"
"__export__.plain_result_abs_party_2986_b2b2c1c9","","DER (RIN)","PSP-US","1.7708333333333333","136"
"__export__.plain_result_abs_party_2987_3e672e46","","DER (RIN)","RSE","0.14322916666666666","11"
"__export__.plain_result_abs_party_2988_9154ffb6","","DER (RIN)","UCD","17.3828125","1335"
"__export__.plain_result_abs_party_2989_f603e451","","IT (RIN)","URA","0.1953125","15"
"__export__.plain_result_abs_party_2991_cf2d4ae7","","DER (RIN)","CD","1.2619047619047619","106"
"__export__.plain_result_abs_party_2992_f8173f8c","","DER (RIN)","FJONSA","0.03571428571428571","3"
"__export__.plain_result_abs_party_2993_13da43b1","","IA (RIN)","IR","0.03571428571428571","3"
"__export__.plain_result_abs_party_2994_f381018f","","IA (RIN)","LCR","0.05952380952380953","5"
"__export__.plain_result_abs_party_2995_5fc9a1be","","IA (RIN)","MC-OIC","0.05952380952380953","5"
"__export__.plain_result_abs_party_2996_ef944313","","IA (RIN)","OCE-BR","0.2976190476190476","25"
"__export__.plain_result_abs_party_2997_bb4acc8f","","IA (RIN)","ORT","0.05952380952380953","5"
"__export__.plain_result_abs_party_2998_42d1dc70","","IA (RIN)","PCE","34.10714285714286","2865"
"__export__.plain_result_abs_party_2999_31082fe7","","IA (RIN)","PCT","0.11904761904761905","10"
"__export__.plain_result_abs_party_3000_6d34e398","","IA (RIN)","POC","0.05952380952380953","5"
"__export__.plain_result_abs_party_3001_763452bb","","IT (RIN)","PPROV","0.07142857142857142","6"
"__export__.plain_result_abs_party_3002_b958ab0e","","IT (RIN)","PSA-PA","7.261904761904763","610"
"__export__.plain_result_abs_party_3003_66d19c09","","IT (RIN)","PSOE","38.573127229488705","3254"
"__export__.plain_result_abs_party_3004_412af932","","IT (RIN)","PSOE-H","0.36904761904761907","31"
"__export__.plain_result_abs_party_3005_f9464445","","IA (RIN)","PTE","0.6904761904761905","58"
"__export__.plain_result_abs_party_3006_efa877ad","","DER (RIN)","UCD","16.357142857142858","1374"
"__export__.plain_result_abs_party_3007_c0438580","","IA (RIN)","UCE","0.2261904761904762","19"
"__export__.plain_result_abs_party_3008_d91d9a96","","DER (RIN)","UN","0.30952380952380953","26"
"__export__.plain_result_abs_party_3010_0a6fcee8","","DER (RIN)","AP-PDP","11.759543659499782","1072"
"__export__.plain_result_abs_party_3011_51d2bc63","","DER (RIN)","CDS","0.3400614304519526","31"
"__export__.plain_result_abs_party_3012_e8c6d264","","DER (RIN)","FE-I","0.04387889425186486","4"
"__export__.plain_result_abs_party_3013_b4531180","","DER (RIN)","FN","0.12066695919262835","11"
"__export__.plain_result_abs_party_3014_04158d21","","IA (RIN)","LC (COSI)","0.06581834137779728","6"
"__export__.plain_result_abs_party_3015_754e7911","","DER (RIN)","MFE","0.04387889425186486","4"
"__export__.plain_result_abs_party_3016_6ddb4081","","IA (RIN)","PCA-PCE","16.728828433523475","1525"
"__export__.plain_result_abs_party_3017_b3818518","","IA (RIN)","PCE (M-L)","0.03290917068889864","3"
"__export__.plain_result_abs_party_3018_1c2ff140","","IA (RIN)","PCOE","0.4936375603334796","45"
"__export__.plain_result_abs_party_3019_fe02cfcd","","IT (RIN)","PSA-PA","1.2615182097411146","115"
"__export__.plain_result_abs_party_3020_cf2d6495","","IT (RIN)","PSA-PSOE","67.50246359356181","6182"
"__export__.plain_result_abs_party_3021_7138db76","","IA (RIN)","PST","0.16454585344449318","15"
"__export__.plain_result_abs_party_3022_32b6175e","","DER (RIN)","SE","0.010969723562966214","1"
"__export__.plain_result_abs_party_3023_1017f6e3","","DER (RIN)","UCD","1.2505484861781484","114"
"__export__.plain_result_abs_party_3024_0c7f0908","","IA (RIN)","UCE","0.05484861781483107","5"
"__export__.plain_result_abs_party_3026_6f380327","","DER (RIN)","AP-PDP-PL","10.361575822989746","960"
"__export__.plain_result_abs_party_3027_281683a2","","IA (RIN)","AV","0.3669724770642202","34"
"__export__.plain_result_abs_party_3028_7480f20d","","DER (RIN)","CDS","2.6443604964921748","245"
"__export__.plain_result_abs_party_3029_83d88f6c","","DER (RIN)","CUN","0.053966540744738264","5"
"__export__.plain_result_abs_party_3030_c6cf2903","","DER (RIN)","FE-JONS","0.08634646519158122","8"
"__export__.plain_result_abs_party_3031_b816244c","","IA (RIN)","IU","12.336751214247167","1143"
"__export__.plain_result_abs_party_3032_e312e0a5","","IA (RIN)","MUC","6.065839179708581","562"
"__export__.plain_result_abs_party_3033_066dd379","","IT (RIN)","PA","1.9967620075553156","185"
"__export__.plain_result_abs_party_3034_838e4e3d","","IT (RIN)","POSI","0.15110631408526712","14"
"__export__.plain_result_abs_party_3035_5c081e77","","DER (RIN)","PRD","0.2914193200215866","27"
"__export__.plain_result_abs_party_3036_dcc96332","","IT (RIN)","PSOE","64.91001185472572","6037"
"__export__.plain_result_abs_party_3037_5cfd1c0e","","IA (RIN)","PSPA","0.23745277927684835","22"
"__export__.plain_result_abs_party_3038_79e864b6","","IA (RIN)","PST","0.21586616297895306","20"
"__export__.plain_result_abs_party_3039_e3e0433e","","IA (RIN)","UCE","0.021586616297895305","2"
"__export__.plain_result_abs_party_3040_cf4e0a66","","DER (RIN)","UPR","0.053966540744738264","5"
"__export__.plain_result_abs_party_3041_468a2dd6","","IA (RIN)","VERDE","0.10793308148947653","10"
"__export__.plain_result_abs_party_3043_957d2be8","","DER (RIN)","PP","7.700091065465951","761"
"__export__.plain_result_abs_party_3044_1701221d","","DER (RIN)","CDS","1.6695335424466256","165"
"__export__.plain_result_abs_party_3045_7332c149","","IA (RIN)","PTE-UC","3.592026712536679","355"
"__export__.plain_result_abs_party_3046_461953f6","","DER (RIN)","FE-JONS","0.05059192552868562","5"
"__export__.plain_result_abs_party_3047_9e83080d","","DER (RIN)","RUIZ-MATEOS","0.6981685722958616","69"
"__export__.plain_result_abs_party_3048_e6e49513","","IA (RIN)","AR","0.010118385105737124","1"
"__export__.plain_result_abs_party_3049_1ec50272","","IA (RIN)","PH","0.10118385105737124","10"
"__export__.plain_result_abs_party_3050_8baa2c5a","","IA (RIN)","PST","0.2934331680663766","29"
"__export__.plain_result_abs_party_3051_2c21a5cf","","IA (RIN)","LV-LV","0.4249721744409592","42"
"__export__.plain_result_abs_party_3052_b5e212b1","","IA (RIN)","LVE","0.242841242537691","24"
"__export__.plain_result_abs_party_3053_8379a645","","DER (RIN)","PED","0.030355155317211373","3"
"__export__.plain_result_abs_party_3054_5eb2d907","","IA (RIN)","VERDE","0.080947080845897","8"
"__export__.plain_result_abs_party_3055_8e62ed61","","IA (RIN)","PCPA","0.11130223616310837","11"
"__export__.plain_result_abs_party_3056_4d02c3d7","","IA (RIN)","IU-CA","15.62278660325812","1544"
"__export__.plain_result_abs_party_3057_60c9cd4d","","IT (RIN)","PSOE-A","62.328767123287676","6233"
"__export__.plain_result_abs_party_3058_c10f36ad","","IT (RIN)","PA","6.748962865526662","667"
"__export__.plain_result_abs_party_3059_3d1f6d94","","IT (RIN)","PPR","0.010118385105737124","1"
"__export__.plain_result_abs_party_3061_3b6d75df","","DER (RIN)","PP","14.26890756302521","1698"
"__export__.plain_result_abs_party_3062_87646318","","DER (RIN)","CDS","0.24369747899159666","29"
"__export__.plain_result_abs_party_3063_407c8072","","DER (RIN)","FE-JONS","0.0588235294117647","7"
"__export__.plain_result_abs_party_3064_b5e9d062","","IA (RIN)","LE","0.3277310924369748","39"
"__export__.plain_result_abs_party_3065_ee9b24d2","","DER (RIN)","PLN","0.025210084033613446","3"
"__export__.plain_result_abs_party_3066_76c9dbc1","","IA (RIN)","PH","0.06722689075630252","8"
"__export__.plain_result_abs_party_3067_b6ae8e7c","","IA (RIN)","PST","0.22689075630252098","27"
"__export__.plain_result_abs_party_3068_cf197161","","DER (RIN)","GIL","0.0588235294117647","7"
"__export__.plain_result_abs_party_3069_61d416ec","","IA (RIN)","PCPA","0.07563025210084033","9"
"__export__.plain_result_abs_party_3070_876def35","","IA (RIN)","IU-CA","17.26050420168067","2054"
"__export__.plain_result_abs_party_3071_9a76e418","","IT (RIN)","PSOE-A","63.79757423672103","7682"
"__export__.plain_result_abs_party_3072_5eb5ac72","","IT (RIN)","PA","2.0756302521008405","247"
"__export__.plain_result_abs_party_3073_f63ec700","","DER (RIN)","FE (I)","0.03361344537815126","4"
"__export__.plain_result_abs_party_3074_45268a09","","IT (RIN)","PAP","0.5462184873949579","65"
"__export__.plain_result_abs_party_3075_f9592058","","IT (RIN)","NPS","0.01680672268907563","2"
"__export__.plain_result_abs_party_3076_f4a59eab","","DER (RIN)","RUIZ-MATEOS","0.13445378151260504","16"
"__export__.plain_result_abs_party_3077_c83afabc","","IA (RIN)","VERDES","0.4873949579831933","58"
"__export__.plain_result_abs_party_3079_eaee1a9f","","DER (RIN)","AUN","0.027639579878385848","4"
"__export__.plain_result_abs_party_3080_17df9719","","DER (RIN)","FEA","0.006909894969596462","1"
"__export__.plain_result_abs_party_3081_781822c1","","DER (RIN)","FEI","0.04145936981757877","6"
"__export__.plain_result_abs_party_3082_4a3b94b0","","IA (RIN)","IULV-CA","20.1147042564953","2911"
"__export__.plain_result_abs_party_3083_6cc06068","","IT (RIN)","NA","0.027639579878385848","4"
"__export__.plain_result_abs_party_3084_7c2aaa29","","IT (RIN)","PA","2.0107794361525704","291"
"__export__.plain_result_abs_party_3085_076587c3","","IA (RIN)","PCPA","0.10364842454394693","15"
"__export__.plain_result_abs_party_3086_50b57c6f","","IA (RIN)","PH","0.08982863460475402","13"
"__export__.plain_result_abs_party_3087_973615d4","","DER (RIN)","PP","21.36539524599226","3092"
"__export__.plain_result_abs_party_3088_8272c323","","IA (RIN)","PRT","0.09673852957435047","14"
"__export__.plain_result_abs_party_3089_0424cf74","","IT (RIN)","PSOE-A","55.53348856321052","8239"
"__export__.plain_result_abs_party_3090_897a1636","","DER (RIN)","UC","0.03454947484798231","5"
"__export__.plain_result_abs_party_3091_8fcf1a9a","","IT (RIN)","VDPA","0.04836926478717524","7"
"__export__.plain_result_abs_party_3093_2ac5332c","","IT (RIN)","A","0.014078558355624384","2"
"__export__.plain_result_abs_party_3094_7a90bf7a","","IA (RIN)","AR","0.007039279177812192","1"
"__export__.plain_result_abs_party_3095_2158d2c4","","DER (RIN)","ES2000","0.07039279177812192","10"
"__export__.plain_result_abs_party_3096_5f881cf8","","DER (RIN)","FE","0.028157116711248768","4"
"__export__.plain_result_abs_party_3097_a88c01aa","","DER (RIN)","FEI-FE 2000","0.03519639588906096","5"
"__export__.plain_result_abs_party_3098_65edef42","","DER (RIN)","GIL","0.1055891876671829","15"
"__export__.plain_result_abs_party_3099_88037398","","IA (RIN)","IA","0.14078558355624385","20"
"__export__.plain_result_abs_party_3100_b8453e33","","IA (RIN)","IULV-CA","11.551457130789807","1641"
"__export__.plain_result_abs_party_3101_f79182ce","","IT (RIN)","NA","0.04927495424468534","7"
"__export__.plain_result_abs_party_3102_d94513a0","","IT (RIN)","PA","3.322539771927355","472"
"__export__.plain_result_abs_party_3103_f8245818","","DER (RIN)","PADE","0.021117837533436577","3"
"__export__.plain_result_abs_party_3104_557efd8d","","IA (RIN)","PCPE","0.14078558355624385","20"
"__export__.plain_result_abs_party_3105_5781479b","","IA (RIN)","PH","0.09854990848937067","14"
"__export__.plain_result_abs_party_3106_e10ce28b","","DER (RIN)","PLN","0.03519639588906096","5"
"__export__.plain_result_abs_party_3107_8dc92bf8","","IT (RIN)","POSI","0.09854990848937067","14"
"__export__.plain_result_abs_party_3108_e1f6e0e4","","DER (RIN)","PP","24.75714486836548","3517"
"__export__.plain_result_abs_party_3109_4011d031","","IT (RIN)","PSOE-PROGR","58.65879082696317","8625"
"__export__.plain_result_abs_party_3110_c39c31b2","","DER (RIN)","UC-CDS","0.06335351260030972","9"
"__export__.plain_result_abs_party_3111_36d95500","","IT (RIN)","VDPA","0.04223567506687315","6"
"__export__.plain_result_abs_party_3113_435ee287","","IT (RIN)","A","0.14899017768458228","27"
"__export__.plain_result_abs_party_3114_f651cb6f","","DER (RIN)","CDS","0.06621785674870323","12"
"__export__.plain_result_abs_party_3115_61d74d1b","","IA (RIN)","CENB","0.23728065334951992","43"
"__export__.plain_result_abs_party_3116_e2409d98","","DER (RIN)","DN","0.033108928374351615","6"
"__export__.plain_result_abs_party_3117_cfe9b088","","DER (RIN)","FE","0.0055181547290586025","1"
"__export__.plain_result_abs_party_3118_7d4c81c3","","DER (RIN)","FE de las JONS","0.06069970201964463","11"
"__export__.plain_result_abs_party_3119_8d1476e0","","IA (RIN)","IR","0.12139940403928925","22"
"__export__.plain_result_abs_party_3120_0017897b","","IA (RIN)","IULV-CA","9.220836552256925","1671"
"__export__.plain_result_abs_party_3121_9fd0b8b2","","IT (RIN)","MSR","0.027590773645293016","5"
"__export__.plain_result_abs_party_3122_29dd0847","","IT (RIN)","PA","2.0361990950226243","369"
"__export__.plain_result_abs_party_3123_083a0f03","","DER (RIN)","PFyV","0.15450833241364087","28"
"__export__.plain_result_abs_party_3124_2ef6a849","","IA (RIN)","PH","0.09932678512305484","18"
"__export__.plain_result_abs_party_3125_c748ff2d","","DER (RIN)","PP","18.121620130228454","3284"
"__export__.plain_result_abs_party_3126_f9225a51","","IT (RIN)","PSA","0.49111577088621566","89"
"__export__.plain_result_abs_party_3127_cbc9d005","","IT (RIN)","PSDA","0.07173601147776185","13"
"__export__.plain_result_abs_party_3128_5d65bd89","","IT (RIN)","PSOE de A","68.20434616850935","12762"
"__export__.plain_result_abs_party_3130_f5367019","","DER (RIN)","AES","0.005270925574530887","1"
"__export__.plain_result_abs_party_3131_716d9aa4","","DER (RIN)","AMD","0.02108370229812355","4"
"__export__.plain_result_abs_party_3132_2592ba98","","DER (RIN)","C's","0.06325110689437065","12"
"__export__.plain_result_abs_party_3133_4c2a33b3","","IT (RIN)","CA","1.0120177103099304","192"
"__export__.plain_result_abs_party_3134_abe9d2e5","","DER (RIN)","DN","0.005270925574530887","1"
"__export__.plain_result_abs_party_3135_f17de6c6","","DER (RIN)","FA","0.031625553447185324","6"
"__export__.plain_result_abs_party_3136_8d9b9cca","","DER (RIN)","FE de las JONS","0.036896479021716215","7"
"__export__.plain_result_abs_party_3137_985234d0","","IA (RIN)","IULV-CA","6.999789162977018","1328"
"__export__.plain_result_abs_party_3138_839ad8a5","","IA (RIN)","VERDES","0.2951718321737297","56"
"__export__.plain_result_abs_party_3139_86675cdf","","IA (RIN)","PACMA","0.27408812987560616","52"
"__export__.plain_result_abs_party_3140_ee32faed","","IA (RIN)","PCPE","0.02108370229812355","4"
"__export__.plain_result_abs_party_3141_d59144b3","","DER (RIN)","PFyV","0.04743833017077799","9"
"__export__.plain_result_abs_party_3142_d9444c55","","IA (RIN)","PH","0.02108370229812355","4"
"__export__.plain_result_abs_party_3143_73b2e118","","IT (RIN)","POSI","0.09487666034155598","18"
"__export__.plain_result_abs_party_3144_e549f716","","DER (RIN)","PP","21.642420409023824","4106"
"__export__.plain_result_abs_party_3145_c7b49fac","","IT (RIN)","PSOE","67.70768269831355","13248"
"__export__.plain_result_abs_party_3146_ae19308b","","IA (RIN)","PUM+J","0.06852203246890154","13"
"__export__.plain_result_abs_party_3147_53033873","","DER (RIN)","SAIn","0.0421674045962471","8"
"__export__.plain_result_abs_party_3148_a143b3d2","","DER (RIN)","UPyD","0.7537423571579169","143"
"__export__.plain_result_abs_party_3150_42689ddc","","IA (RIN)","ANTICAPITALISTAS","0.1486417221937468","29"
"__export__.plain_result_abs_party_3151_b1fda58b","","IA (RIN)","EQUO","0.6406970784213224","125"
"__export__.plain_result_abs_party_3152_16ad9ff7","","IA (RIN)","Eb","0.2767811378780113","54"
"__export__.plain_result_abs_party_3153_9de2435a","","DER (RIN)","FE de las JONS","0.05638134290107637","11"
"__export__.plain_result_abs_party_3154_458bb7a2","","IA (RIN)","IULV-CA","11.568426447975396","2257"
"__export__.plain_result_abs_party_3155_1c40ec19","","IT (RIN)","PA","1.132752434648898","221"
"__export__.plain_result_abs_party_3156_59e1e501","","IA (RIN)","PCPE","0.14351614556637624","28"
"__export__.plain_result_abs_party_3157_cb137a02","","IA (RIN)","PH","0.09226037929267042","18"
"__export__.plain_result_abs_party_3158_561efed7","","DER (RIN)","PP","28.339313172731934","5529"
"__export__.plain_result_abs_party_3159_6a0a48e5","","IT (RIN)","PSOE","50.998230983067984","10365"
"__export__.plain_result_abs_party_3160_6872ff79","","IA (RIN)","PUM+J","0.13326499231163505","26"
"__export__.plain_result_abs_party_3161_df460632","","DER (RIN)","SAIn","0.030753459764223473","6"
"__export__.plain_result_abs_party_3162_f80cba16","","IA (RIN)","UCE","0.04100461301896464","8"
"__export__.plain_result_abs_party_3163_b2bbc95a","","DER (RIN)","UPyD","5.679138903126601","1108"
"__export__.plain_result_abs_party_3165_dfc0adc0","","IT (RIN)","PSOE","41.816907986922","9171"
"__export__.plain_result_abs_party_3166_38a0ab89","","DER (RIN)","PP","14.156285390713478","3000"
"__export__.plain_result_abs_party_3167_f4fb6bc5","","DER (RIN)","C´s","11.815779539448847","2504"
"__export__.plain_result_abs_party_3168_06b454d1","","IA (RIN)","PACMA","0.986221215553039","209"
"__export__.plain_result_abs_party_3169_a1feb281","","IA (RIN)","PCOE","0.13212533031332577","28"
"__export__.plain_result_abs_party_3170_edf9887c","","DER (RIN)","VOX","0.1179690449226123","25"
"__export__.plain_result_abs_party_3171_b40d3530","","DER (RIN)","P-LIB","0.05190637976594942","11"
"__export__.plain_result_abs_party_3172_face57f6","","IA (RIN)","PODEMOS","23.674027935069837","5017"
"__export__.plain_result_abs_party_3173_0475ad2a","","DER (RIN)","UPYD","0.4765949414873537","101"
"__export__.plain_result_abs_party_3174_8ef339ad","","IA (RIN)","IULV-CA, UP","6.45998489996225","1369"
"__export__.plain_result_abs_party_3175_49b35718","","IA (RIN)","PCPE","0.06606266515666288","14"
"__export__.plain_result_abs_party_3176_eef37bb3","","IA (RIN)","RECORTES CE","0.09437523593808984","20"
"__export__.plain_result_abs_party_3177_1d8f87a7","","DER (RIN)","FE de las J","0.06606266515666288","14"
"__export__.plain_result_abs_party_3179_1e471bfa","","DER (RIN)","C's","12.861395630455624","2549"
"__export__.plain_result_abs_party_3180_5b9cf6ec","","DER (RIN)","FE de las J","0.08577627529138705","17"
"__export__.plain_result_abs_party_3181_716234bf","","IA (RIN)","PACMA","1.6448862202936576","326"
"__export__.plain_result_abs_party_3182_31f00b94","","IA (RIN)","PCOE","0.12109591805842877","24"
"__export__.plain_result_abs_party_3183_a705ce05","","IA (RIN)","PCPE","0.1261415813108633","25"
"__export__.plain_result_abs_party_3184_d57daad9","","IA (RIN)","PODEMOS-IU-","25.591604016347947","5072"
"__export__.plain_result_abs_party_3185_9a0ec50c","","DER (RIN)","PP","16.852515263131338","3340"
"__export__.plain_result_abs_party_3186_39d85253","","IT (RIN)","PSOE","41.65375968023982","8533"
"__export__.plain_result_abs_party_3187_719cf0b6","","IA (RIN)","RECORTES CERO-GRUPO VERDE","0.1866895403400777","37"
"__export__.plain_result_abs_party_3188_fe1fad57","","DER (RIN)","UPyD","0.33301377466067916","66"
"__export__.plain_result_abs_party_3189_a84de8f5","","DER (RIN)","VOX","0.13118724456329783","26"
"__export__.plain_result_abs_party_3191_4ca820c1","","IA (RIN)","AxSI","0.211359445968431","47"
"__export__.plain_result_abs_party_3192_e70939e3","","DER (RIN)","Cs","14.885101407563969","3310"
"__export__.plain_result_abs_party_3193_4a77458c","","IA (RIN)","PACMA","1.4480370553581867","322"
"__export__.plain_result_abs_party_3194_8544c28b","","IA (RIN)","PACT","0.2743175788100913","61"
"__export__.plain_result_abs_party_3195_17b80deb","","IA (RIN)","PCOE","0.13940729414939065","31"
"__export__.plain_result_abs_party_3196_cee5e823","","IA (RIN)","PCPA","0.06745514233035031","15"
"__export__.plain_result_abs_party_3197_65fdef70","","IA (RIN)","PCTE","0.11242523721725053","25"
"__export__.plain_result_abs_party_3198_36ee300d","","IA (RIN)","PODEMOS-IU","19.64293744659801","4368"
"__export__.plain_result_abs_party_3199_abcea1f5","","DER (RIN)","PP","7.4425507037819845","1655"
"__export__.plain_result_abs_party_3200_46db0233","","IT (RIN)","PSOE","45.92922323614512","10546"
"__export__.plain_result_abs_party_3201_ea5a6201","","IA (RIN)","PUM+J","0.09443719926249045","21"
"__export__.plain_result_abs_party_3202_ea423bc9","","IA (RIN)","RECORTES CE","0.16638935108153077","37"
"__export__.plain_result_abs_party_3203_a81a556c","","DER (RIN)","VOX","9.115438233574674","2027"
"__export__.plain_result_abs_party_3205_f3a135e4","","IA (RIN)","AVANT ADELA","0.33770744886144344","70"
"__export__.plain_result_abs_party_3206_27e63d2b","","DER (RIN)","CILU-LINARE","7.376495561559243","1529"
"__export__.plain_result_abs_party_3207_d3978e7d","","IA (RIN)","IZAR","2.2722886916248553","471"
"__export__.plain_result_abs_party_3208_b3fd1e11","","IA (RIN)","PACMA","1.461790814357391","303"
"__export__.plain_result_abs_party_3209_4a2a2328","","IA (RIN)","PCOE","0.14955615592435353","31"
"__export__.plain_result_abs_party_3210_36b7d368","","IA (RIN)","PCPA","0.08683905827865689","18"
"__export__.plain_result_abs_party_3211_7afadbf1","","IA (RIN)","PCTE","0.06271709764569665","13"
"__export__.plain_result_abs_party_3212_d3153721","","IA (RIN)","PODEMOS-IU","18.684870706291008","3873"
"__export__.plain_result_abs_party_3213_98a6ce68","","DER (RIN)","PP","9.788691624855268","2029"
"__export__.plain_result_abs_party_3214_31980d66","","IT (RIN)","PSOE","44.3515836459471","9671"
"__export__.plain_result_abs_party_3215_c3056384","","IA (RIN)","PUM+J","0.11578541103820918","24"
"__export__.plain_result_abs_party_3216_8b90df55","","IA (RIN)","RECORTES CERO-GV","0.14955615592435353","31"
"__export__.plain_result_abs_party_3217_d3b6ffc4","","DER (RIN)","VOU","14.45387881126978","2996"
"__export__.plain_result_abs_party_3219_31117aa1","","IT (RIN)","PSOE","57.874396135265705","4846"
"__export__.plain_result_abs_party_3220_d3a0ba03","","IA (RIN)","IU","18.7211281303185","1540"
"__export__.plain_result_abs_party_3221_19d83ffd","","IT (RIN)","PA","13.834184293702892","1138"
"__export__.plain_result_abs_party_3222_0f783bfc","","IA (RIN)","PTE-UC","8.533916849015318","702"
"__export__.plain_result_abs_party_3223_c402f165","","ABS (RIN)","","37.36389248458083","4907"
"__export__.plain_result_abs_party_3224_778bd2f9","","IT (RIN)","PSOE","59.06412478336222","5177"
"__export__.plain_result_abs_party_3225_e5ddd29e","","DER (RIN)","PP","9.81373690337602","843"
"__export__.plain_result_abs_party_3226_62ec9c45","","IA (RIN)","IU","19.848661233993013","1705"
"__export__.plain_result_abs_party_3227_feadf5d8","","IT (RIN)","PA","10.069848661233994","865"
"__export__.plain_result_abs_party_3228_d2a3191f","","ABS (RIN)","","40.6767955801105","5890"
"__export__.plain_result_abs_party_3229_c8f79ebc","","DER (RIN)","PP","21.5329079919409","2565"
"__export__.plain_result_abs_party_3230_436f37df","","IT (RIN)","PSOE","51.413603858307","6297"
"__export__.plain_result_abs_party_3231_c8678eb9","","IA (RIN)","IU","23.673606447280054","2820"
"__export__.plain_result_abs_party_3232_adeace11","","IT (RIN)","PA","1.9308260577568837","230"
"__export__.plain_result_abs_party_3233_ad7ea5ce","","ABS (RIN)","","33.404148264102425","5975"
"__export__.plain_result_abs_party_3234_5acbb5fb","","DER (RIN)","PP","11.503299149375943","1447"
"__export__.plain_result_abs_party_3235_60066cd9","","IT (RIN)","PSOE","66.05785059183194","8605"
"__export__.plain_result_abs_party_3236_9df9ef47","","IA (RIN)","IU","12.703712536767627","1598"
"__export__.plain_result_abs_party_3237_a051b310","","IT (RIN)","PA","2.520073137769298","317"
"__export__.plain_result_abs_party_3238_e2d5c970","","IA (RIN)","NI-RYSJ","4.865251609825901","612"
"__export__.plain_result_abs_party_3239_b521c223","","ABS (RIN)","","41.8258336031078","9044"
"__export__.plain_result_abs_party_3240_2d1b8012","","IT (RIN)","PSOE","66.07653167909668","9671"
"__export__.plain_result_abs_party_3241_edeca053","","DER (RIN)","PP","15.258547612319864","2160"
"__export__.plain_result_abs_party_3242_3dce090a","","IA (RIN)","IU","11.58519355750212","1640"
"__export__.plain_result_abs_party_3243_6ad78450","","IT (RIN)","PA","3.729867194122634","528"
"__export__.plain_result_abs_party_3244_f6e51165","","IT (RIN)","PSA","1.1090703588584347","157"
"__export__.plain_result_abs_party_3245_18942d0e","","ABS (RIN)","","40.12604153449224","9487"
"__export__.plain_result_abs_party_3246_2d68b512","","DER (RIN)","PP","15.820559696245255","2250"
"__export__.plain_result_abs_party_3247_521c6d87","","IT (RIN)","PSOE","64.04641845686261","9527"
"__export__.plain_result_abs_party_3248_fbaac56e","","IA (RIN)","IU","13.725214456475882","1952"
"__export__.plain_result_abs_party_3249_a016b5ee","","IT (RIN)","PA","2.882857544649135","410"
"__export__.plain_result_abs_party_3250_8e9f155a","","IT (RIN)","PSA","0.5836028687948249","83"
"__export__.plain_result_abs_party_3251_184d691b","","ABS (RIN)","","46.03885263317651","12134"
"__export__.plain_result_abs_party_3252_e1a51681","","DER (RIN)","PP","20.10943071437354","3271"
"__export__.plain_result_abs_party_3253_8e1ee09b","","IT (RIN)","PSOE","58.29978972664463","10083"
"__export__.plain_result_abs_party_3254_d125e4f9","","IA (RIN)","IU","14.92684126398623","2428"
"__export__.plain_result_abs_party_3255_59dae33a","","IT (RIN)","PA","2.9755317840895117","484"
"__export__.plain_result_abs_party_3256_30932360","","ABS (RIN)","","41.857306262510726","11710"
"__export__.plain_result_abs_party_3257_fbbc5b1b","","DER (RIN)","PP","8.24919970450628","1340"
"__export__.plain_result_abs_party_3258_1293c8f3","","IT (RIN)","PSOE","65.03483792790064","10995"
"__export__.plain_result_abs_party_3259_93ac29fd","","IA (RIN)","IU","9.91135188377247","1610"
"__export__.plain_result_abs_party_3260_6ba3f649","","IA (RIN)","La Rinconada, Sí Se Puede","14.15291800049249","2299"
"__export__.plain_result_abs_party_3261_150d1b23","","ABS (RIN)","","44.20936941887622","12872"
"__export__.plain_result_abs_party_3262_02960cee","","IT (RIN)","PSOE","69.8013851525385","12315"
"__export__.plain_result_abs_party_3263_1a1d8fca","","DER (RIN)","PP","5.065990432828079","879"
"__export__.plain_result_abs_party_3264_a8eb47de","","DER (RIN)","Cs","5.267707913088582","914"
"__export__.plain_result_abs_party_3265_bf48f043","","DER (RIN)","VOX","3.9882427525791018","692"
"__export__.plain_result_abs_party_3266_28ddbbe3","","IA (RIN)","PODEMOS","5.918967206501066","1027"
"__export__.plain_result_abs_party_3267_4caf5aa4","","IA (RIN)","IULV-CA","8.783355426200218","1524"
"__export__.plain_result_abs_party_3268_1b8bf9f2","","ABS (RIN)","","41.95436906195638","12541"
"__export__.plain_result_abs_party_3269_dcc2b138","","IT (RIN)","PSOE","69.73458414369065","12453"
"__export__.plain_result_abs_party_3270_5df94edb","","DER (RIN)","PP","11.329849012775842","1951"
"__export__.plain_result_abs_party_3271_7a82a156","","DER (RIN)","VOX","6.620209059233449","1140"
"__export__.plain_result_abs_party_3272_c58e9b55","","IA (RIN)","CON ANDALUCIA","9.732868757259002","1676"
"__export__.plain_result_abs_party_3273_67db1c4a","","ABS (RIN)","","44.97347734389979","14074"
"__export__.plain_result_abs_party_3274_34a0d408","","IT (RIN)","PSOE","35.16034240449725","2752"
"__export__.plain_result_abs_party_3275_4b3587fb","","DER (RIN)","UCD","16.58362079979558","1298"
"__export__.plain_result_abs_party_3276_a2c04bcf","","IA (RIN)","PCE","48.25603679570717","3777"
"__export__.plain_result_abs_party_3277_d2fb8b51","","ABS (RIN)","","30.78963657264126","3482"
"__export__.plain_result_abs_party_3278_7e6bbca2","","IT (RIN)","PSOE","54.17460922607701","4263"
"__export__.plain_result_abs_party_3279_d22ee91d","","DER (RIN)","INDEP","14.79222264582539","1164"
"__export__.plain_result_abs_party_3280_e92154d7","","IA (RIN)","PCE","31.0331681280976","2442"
"__export__.plain_result_abs_party_3281_a9f47e0d","","ABS (RIN)","","34.106514821637916","4073"
"__export__.plain_result_abs_party_7392_dd0ee846","","DER (SEV)","UCD","32.62015286404568","223252"
"__export__.plain_result_abs_party_7393_7aace338","","IT (SEV)","PSOE","37.02050996567792","253368"
"__export__.plain_result_abs_party_7394_ebc62b5a","","IA (SEV)","PCE","13.429885198546462","91914"
"__export__.plain_result_abs_party_7395_2412123a","","DER (SEV)","AP","6.26242878788543","42860"
"__export__.plain_result_abs_party_7396_ac1d874e","","DER (SEV)","PSP-US","4.869820090327426","33329"
"__export__.plain_result_abs_party_7397_74831507","","DER (SEV)","FDC-EDC","0.953098996345699","6523"
"__export__.plain_result_abs_party_7398_aa2001f4","","IT (SEV)","FDI","2.777327260852222","19008"
"__export__.plain_result_abs_party_7399_1940ecc0","","DER (SEV)","ASDCI","0.5938056601485391","4064"
"__export__.plain_result_abs_party_7400_d9750144","","IA (SEV)","AET","0.2536532052209311","1736"
"__export__.plain_result_abs_party_7401_8a571aeb","","DER (SEV)","AN18","0.3210115736580562","2197"
"__export__.plain_result_abs_party_7402_e50ef907","","DER (SEV)","RSE","0.2536532052209311","1736"
"__export__.plain_result_abs_party_7403_220097f1","","IT (SEV)","URA","0.3891005100825688","2663"
"__export__.plain_result_abs_party_7404_aa5a0888","","IA (SEV)","MS","0.25555268198813846","1749"
"__export__.plain_result_abs_party_7405_4ff12e92","","ABS (SEV)","","18.72151270364186","157643"
"__export__.plain_result_abs_party_7406_a96d4966","","ABS (RIN)","","19.49685534591195","1860"
"__export__.plain_result_abs_party_7407_d64a8fd4","","IT (AND)","","38.63678808680739","1131641"
"__export__.plain_result_abs_party_7408_9f8a7d43","","IA (AND)","","11.760679103328496","344461"
"__export__.plain_result_abs_party_7409_bd88f134","","DER (AND)","","49.60253280986411","1452819"
"__export__.plain_result_abs_party_7410_834159b9","","DER (SEV)","UCD","27.609836724020102","191099"
"__export__.plain_result_abs_party_7411_90f5a84b","","IT (SEV)","PSOE","29.548748015216553","204519"
"__export__.plain_result_abs_party_7412_f684e8e1","","IA (SEV)","PCE","15.998329820080013","110731"
"__export__.plain_result_abs_party_7413_73128fd5","","DER (SEV)","CD","4.685172529874693","32428"
"__export__.plain_result_abs_party_7414_cf66f331","","DER (SEV)","UN","1.3328209136577662","9225"
"__export__.plain_result_abs_party_7415_28b5ebb8","","IT (SEV)","PSA-PA","14.679234433446364","101601"
"__export__.plain_result_abs_party_7416_da119266","","IA (SEV)","PTE","3.9496287606138054","27337"
"__export__.plain_result_abs_party_7417_0cc814df","","IT (SEV)","PSOE-H","0.5354400331724316","3706"
"__export__.plain_result_abs_party_7418_ed80e00e","","IA (SEV)","ORT","0.1569044457704427","1086"
"__export__.plain_result_abs_party_7419_ef23aa4e","","IA (SEV)","MC-OIC","0.1489580880196376","1031"
"__export__.plain_result_abs_party_7420_31eba14c","","IA (SEV)","IR","0.10705911078811975","741"
"__export__.plain_result_abs_party_7421_e00b5f28","","IA (SEV)","OCEBR-UCE","0.617070799157975","4271"
"__export__.plain_result_abs_party_7422_8f4fb471","","IA (SEV)","PCT","0.1638394488984181","1134"
"__export__.plain_result_abs_party_7423_778accb7","","IA (SEV)","LCR","0.11182692543860284","774"
"__export__.plain_result_abs_party_7424_05661cc1","","DER (SEV)","FJONSA","0.14866912955597197","1029"
"__export__.plain_result_abs_party_7425_1c462473","","IT (SEV)","PPROV","0.06400429970193934","443"
"__export__.plain_result_abs_party_7426_d2b6cc61","","IA (SEV)","POC","0.1424565225871607","986"
"__export__.plain_result_abs_party_7427_de795d11","","ABS (SEV)","","29.284756817726702","286631"
"__export__.plain_result_abs_party_7428_4554c3f3","","ABS (RIN)","","25.545116114164156","2882"
"__export__.plain_result_abs_party_7429_61768978","","IT (AND)","","45.36676113220033","1335406"
"__export__.plain_result_abs_party_7430_93f4114e","","IA (AND)","","16.66383564491921","490513"
"__export__.plain_result_abs_party_7431_56f5f211","","DER (AND)","","37.96940322288045","1117659"
"__export__.plain_result_abs_party_7432_3eb23169","","IT (SEV)","PSOE","62.274296343922245","498814"
"__export__.plain_result_abs_party_7433_dad665fb","","DER (SEV)","AP-PDP","21.97941310495072","176054"
"__export__.plain_result_abs_party_7434_3c6375a4","","DER (SEV)","UCD","3.745841110119289","30004"
"__export__.plain_result_abs_party_7435_06edb317","","IA (SEV)","PCE","7.150107054351151","57272"
"__export__.plain_result_abs_party_7436_3f13ac79","","DER (SEV)","CDS","0.7209782832601952","5775"
"__export__.plain_result_abs_party_7437_dc404120","","DER (SEV)","FN","0.2780292011810311","2227"
"__export__.plain_result_abs_party_7438_359dfd03","","IA (SEV)","PST","0.3206012521925855","2568"
"__export__.plain_result_abs_party_7439_872d1d13","","IT (SEV)","PSA-PA","2.918245432243647","23375"
"__export__.plain_result_abs_party_7440_e6ca9826","","DER (SEV)","SE","0.08963851210057491","718"
"__export__.plain_result_abs_party_7441_65da96f2","","IA (SEV)","PCOE","0.2518118090624786","2017"
"__export__.plain_result_abs_party_7442_507c6eb5","","IA (SEV)","UCE","0.04182298266531002","335"
"__export__.plain_result_abs_party_7443_62942743","","IA (SEV)","PCE (M-L)","0.06491925667451107","520"
"__export__.plain_result_abs_party_7444_d9948f45","","DER (SEV)","MFE","0.04694161636464647","376"
"__export__.plain_result_abs_party_7445_1f8cdf7a","","IA (SEV)","LC (COSI)","0.0747819899000618","599"
"__export__.plain_result_abs_party_7446_5f0349ac","","DER (SEV)","FE-I","0.04257205101155438","341"
"__export__.plain_result_abs_party_7447_3e88f67b","","ABS (SEV)","","20.06596345564681","201075"
"__export__.plain_result_abs_party_7448_eeeba4f0","","ABS (RIN)","","21.148689559726666","2445"
"__export__.plain_result_abs_party_7449_93c33955","","IT (AND)","","63.11601990620698","2155929"
"__export__.plain_result_abs_party_7450_f5a524e0","","IA (AND)","","6.961317329753128","237786"
"__export__.plain_result_abs_party_7451_21bb6957","","DER (AND)","","29.9226627640399","1022104"
"__export__.plain_result_abs_party_7452_65eeaac9","","IT (SEV)","PSOE","59.58886904620569","476820"
"__export__.plain_result_abs_party_7453_482faab5","","DER (SEV)","AP-PDP-PL","21.171282069226667","169409"
"__export__.plain_result_abs_party_7454_a21d4c37","","DER (SEV)","CDS","3.6282950275124564","29033"
"__export__.plain_result_abs_party_7455_9d603ed9","","IA (SEV)","IU","8.25236227213025","66034"
"__export__.plain_result_abs_party_7456_013a6021","","IA (SEV)","MUC","1.3771849689383553","11020"
"__export__.plain_result_abs_party_7457_49327b22","","DER (SEV)","PRD","0.5533734158311286","4428"
"__export__.plain_result_abs_party_7458_6cd38039","","IA (SEV)","PA","4.063445486844884","32515"
"__export__.plain_result_abs_party_7459_19c87e11","","IA (SEV)","PST","0.3205516738046172","2565"
"__export__.plain_result_abs_party_7460_a5a54306","","DER (SEV)","FE-JONS","0.12347175583585254","988"
"__export__.plain_result_abs_party_7461_a821e198","","IA (SEV)","UCE","0.10510095815582185","841"
"__export__.plain_result_abs_party_7462_54091952","","IA (SEV)","AV","0.27793642204345753","2224"
"__export__.plain_result_abs_party_7463_bec9c675","","IA (SEV)","VERDE","0.15096546664950394","1208"
"__export__.plain_result_abs_party_7464_d32a00c0","","DER (SEV)","UPR","0.06398536334813412","512"
"__export__.plain_result_abs_party_7465_85724d11","","IT (SEV)","POSI","0.04723919403436464","378"
"__export__.plain_result_abs_party_7466_d1ed6688","","IA (SEV)","PSPA","0.21994968650921104","1760"
"__export__.plain_result_abs_party_7467_cb268ff6","","DER (SEV)","CUN","0.05598719292961735","448"
"__export__.plain_result_abs_party_7468_af98feaa","","ABS (SEV)","","27.347369032724338","301199"
"__export__.plain_result_abs_party_7469_bb079815","","ABS (RIN)","","29.441778996268376","3866"
"__export__.plain_result_abs_party_7470_aaea5324","","IT (AND)","","57.577611065018075","1941057"
"__export__.plain_result_abs_party_7471_a4da8303","","IA (AND)","","12.91866014515302","435514"
"__export__.plain_result_abs_party_7472_a46b828c","","DER (AND)","","29.50372878982891","994630"
"__export__.plain_result_abs_party_7473_f7cdabea","","IT (SEV)","PSOE","54.654074074074074","442698"
"__export__.plain_result_abs_party_7474_4182ad79","","DER (SEV)","PP","19.000617283950618","153905"
"__export__.plain_result_abs_party_7475_03c94996","","IA (SEV)","IU","11.491358024691358","93080"
"__export__.plain_result_abs_party_7476_b4c88617","","DER (SEV)","CDS","2.274074074074074","18420"
"__export__.plain_result_abs_party_7477_add7188d","","DER (SEV)","RUIZ-MATEOS","1.0077777777777777","8163"
"__export__.plain_result_abs_party_7478_a5505aa7","","IA (SEV)","PA","9.016172839506172","73031"
"__export__.plain_result_abs_party_7479_82e6343a","","IA (SEV)","LV-LV","0.5954320987654321","4823"
"__export__.plain_result_abs_party_7480_2ad24a0e","","IA (SEV)","LVE","0.3054320987654321","2474"
"__export__.plain_result_abs_party_7481_59a775db","","IA (SEV)","PTE-UC","0.7749382716049383","6277"
"__export__.plain_result_abs_party_7482_8de1cfe5","","IA (SEV)","PST","0.22592592592592595","1830"
"__export__.plain_result_abs_party_7483_103c2735","","IA (SEV)","PCPE","0.21728395061728395","1760"
"__export__.plain_result_abs_party_7484_cc28e1ce","","DER (SEV)","FE-JONS","0.0985185185185185","798"
"__export__.plain_result_abs_party_7485_ec05689f","","IA (SEV)","VERDE","0.17728395061728394","1436"
"__export__.plain_result_abs_party_7486_163d9846","","IA (SEV)","PH","0.05975308641975309","484"
"__export__.plain_result_abs_party_7487_db1a9094","","IA (SEV)","AR","0.04827160493827161","391"
"__export__.plain_result_abs_party_7488_d3c4ae82","","DER (SEV)","PED","0.022839506172839506","185"
"__export__.plain_result_abs_party_7489_d76823b2","","IT (SEV)","PPR","0.030246913580246913","245"
"__export__.plain_result_abs_party_7490_86a9e3ca","","ABS (SEV)","","29.089810818618737","332290"
"__export__.plain_result_abs_party_7491_1a0dcff0","","ABS (RIN)","","29.037122136856464","4044"
"__export__.plain_result_abs_party_7492_b1126550","","IT (AND)","","53.00303546413424","1809336"
"__export__.plain_result_abs_party_7493_c440f363","","IA (AND)","","20.50493812187907","699966"
"__export__.plain_result_abs_party_7494_672510c9","","DER (AND)","","26.492026413986686","904344"
"__export__.plain_result_abs_party_7495_fe03e924","","IT (SEV)","PSOE","56.65839775492347","549757"
"__export__.plain_result_abs_party_7496_2d63a05e","","DER (SEV)","PP","25.996159954488352","252241"
"__export__.plain_result_abs_party_7497_61c25262","","IA (SEV)","IU","11.678437928024396","113316"
"__export__.plain_result_abs_party_7498_4382d999","","DER (SEV)","CDS","0.5768313131698308","5597"
"__export__.plain_result_abs_party_7499_62e307c3","","IA (SEV)","VERDES","0.5675558409194673","5507"
"__export__.plain_result_abs_party_7500_2fbaede7","","IA (SEV)","PA","3.135212681425661","30421"
"__export__.plain_result_abs_party_7501_adf1cb0f","","IA (SEV)","LE","0.25827037177123385","2506"
"__export__.plain_result_abs_party_7502_32b6dede","","DER (SEV)","ARM-ADE","0.11233627503218074","1090"
"__export__.plain_result_abs_party_7503_59c65bed","","IT (SEV)","PAP","0.40028815800457795","3884"
"__export__.plain_result_abs_party_7504_a0f72062","","IA (SEV)","PST","0.17654315516525285","1713"
"__export__.plain_result_abs_party_7505_c4c19e76","","DER (SEV)","GIL","0.07987212215590832","775"
"__export__.plain_result_abs_party_7506_3edb27f7","","DER (SEV)","PLN","0.06266096809134486","608"
"__export__.plain_result_abs_party_7507_9727ea82","","IA (SEV)","PCPE","0.17705845917916194","1718"
"__export__.plain_result_abs_party_7508_3d5c3c78","","IA (SEV)","PH","0.02628050470936338","255"
"__export__.plain_result_abs_party_7509_7089437b","","DER (SEV)","FE-JONS","0.04534675322399956","440"
"__export__.plain_result_abs_party_7510_c2bb0461","","IT (SEV)","NPS","0.02782641675109064","270"
"__export__.plain_result_abs_party_7511_b3436b96","","DER (SEV)","FE-I","0.020921342964708888","203"
"__export__.plain_result_abs_party_7512_44c229af","","ABS (SEV)","","21.348925732646606","263377"
"__export__.plain_result_abs_party_7513_1cb1285d","","ABS (RIN)","","22.318689209478425","3419"
"__export__.plain_result_abs_party_7514_e10d704b","","IT (AND)","","53.080972767371016","2128745"
"__export__.plain_result_abs_party_7515_c722d24e","","IA (AND)","","15.580645491080256","624842"
"__export__.plain_result_abs_party_7516_dc915791","","DER (AND)","","31.364638650818765","1257839"
"__export__.plain_result_abs_party_7517_4be71653","","DER (SEV)","PP","31.4241177012624","327384"
"__export__.plain_result_abs_party_7518_f8ff140e","","IT (SEV)","PSOE","51.092698958749274","532296"
"__export__.plain_result_abs_party_7519_c332a895","","IA (SEV)","IU","13.412342199834137","139733"
"__export__.plain_result_abs_party_7520_a4efbd24","","IA (SEV)","PA","3.531978529962834","36797"
"__export__.plain_result_abs_party_7521_dffec174","","DER (SEV)","UC","0.045881070123168596","478"
"__export__.plain_result_abs_party_7522_d49f5128","","IA (SEV)","PRT","0.10721580612464293","1117"
"__export__.plain_result_abs_party_7523_12195ad9","","IA (SEV)","PCPE","0.11153515373038057","1162"
"__export__.plain_result_abs_party_7524_5fe62839","","IA (SEV)","PH","0.049432533710108424","515"
"__export__.plain_result_abs_party_7525_7a9347f2","","DER (SEV)","FEA","0.05912706944743066","616"
"__export__.plain_result_abs_party_7526_80b6e675","","IT (SEV)","NA","0.04799275117486255","500"
"__export__.plain_result_abs_party_7527_f10f304b","","DER (SEV)","AUN","0.033690911324753506","351"
"__export__.plain_result_abs_party_7528_1210fe5a","","DER (SEV)","FEI","0.033210983813004885","346"
"__export__.plain_result_abs_party_7529_b2a9a290","","IT (SEV)","VDPA","0.050776330743004576","529"
"__export__.plain_result_abs_party_7530_40912623","","ABS (SEV)","","20.713425743418178","272174"
"__export__.plain_result_abs_party_7531_abc1153f","","ABS (RIN)","","21.65015429592334","3999"
"__export__.plain_result_abs_party_7532_0d67cd68","","IT (AND)","","47.58975170123952","2057946"
"__export__.plain_result_abs_party_7533_d931bb13","","IA (AND)","","16.850613514595384","728679"
"__export__.plain_result_abs_party_7534_a0de2c1e","","DER (AND)","","35.5596347841651","1537722"
"__export__.plain_result_abs_party_7535_1e590668","","DER (SEV)","PP","34.98497169325785","339879"
"__export__.plain_result_abs_party_7536_43723c60","","IT (SEV)","PSOE-PROGR","50.74668039114771","493004"
"__export__.plain_result_abs_party_7537_43377f1c","","IA (SEV)","IU","8.28152341739578","80455"
"__export__.plain_result_abs_party_7538_c813546e","","IA (SEV)","PA","5.078950077200206","49342"
"__export__.plain_result_abs_party_7539_4b0f3484","","DER (SEV)","GIL","0.0896551724137931","871"
"__export__.plain_result_abs_party_7540_1787c9a2","","DER (SEV)","UC-CDS","0.03746783324755532","364"
"__export__.plain_result_abs_party_7541_3ed78fad","","IA (SEV)","PH","0.0624806999485332","607"
"__export__.plain_result_abs_party_7542_ead46b3d","","DER (SEV)","PLN","0.050334534225424596","489"
"__export__.plain_result_abs_party_7543_7a026e7e","","DER (SEV)","FE","0.09665465774575399","939"
"__export__.plain_result_abs_party_7544_9bf9a0ff","","IA (SEV)","PCPE","0.0784354091610911","762"
"__export__.plain_result_abs_party_7545_787b9c56","","IT (SEV)","POSI","0.09480185280494081","921"
"__export__.plain_result_abs_party_7546_4fb09bf3","","DER (SEV)","ES2000","0.029130211013896037","283"
"__export__.plain_result_abs_party_7547_85da1582","","DER (SEV)","PADE","0.024704065877509007","240"
"__export__.plain_result_abs_party_7548_f3f3306e","","IA (SEV)","IA","0.14729799279464745","1431"
"__export__.plain_result_abs_party_7549_9db89b80","","DER (SEV)","FEI-FE 2000","0.024498198661863098","238"
"__export__.plain_result_abs_party_7550_c0912f90","","IT (SEV)","NA","0.05259907359752959","511"
"__export__.plain_result_abs_party_7551_5e351c67","","IA (SEV)","AR","0.03118888317035512","303"
"__export__.plain_result_abs_party_7552_7880a39f","","IT (SEV)","A","0.03787956767884714","368"
"__export__.plain_result_abs_party_7553_93748edd","","IT (SEV)","VDPA","0.05074626865671642","493"
"__export__.plain_result_abs_party_7554_95e7b149","","ABS (SEV)","","30.685468277988733","430082"
"__export__.plain_result_abs_party_7555_e2882c96","","ABS (RIN)","","34.709072525048256","7552"
"__export__.plain_result_abs_party_7556_86480328","","IT (AND)","","44.77401409615044","1808983"
"__export__.plain_result_abs_party_7557_30f3d898","","IA (AND)","","13.300655503666603","537380"
"__export__.plain_result_abs_party_7558_c175ae74","","DER (AND)","","41.92533040018296","1693889"
"__export__.plain_result_abs_party_7559_fecc8339","","IT (SEV)","PSOE","60.08744426499057","659253"
"__export__.plain_result_abs_party_7560_df9dbe5c","","DER (SEV)","PP","27.932582057610766","306464"
"__export__.plain_result_abs_party_7561_2a62be86","","IA (SEV)","IU","6.684919920230123","73344"
"__export__.plain_result_abs_party_7562_7855ebc0","","IA (SEV)","PA","4.101969090995264","45005"
"__export__.plain_result_abs_party_7563_a94e4af0","","IA (SEV)","CENB","0.2038907867249507","2237"
"__export__.plain_result_abs_party_7564_225d00fa","","DER (SEV)","CDS","0.06380131904669892","700"
"__export__.plain_result_abs_party_7565_2c393097","","DER (SEV)","PSA","0.4024040337016796","4415"
"__export__.plain_result_abs_party_7566_9351c31c","","IA (SEV)","PH","0.07820218820295383","858"
"__export__.plain_result_abs_party_7567_62e088cb","","IA (SEV)","IR","0.1012618078012607","1111"
"__export__.plain_result_abs_party_7568_5f063396","","DER (SEV)","PFyV","0.07884020139342081","865"
"__export__.plain_result_abs_party_7569_0b326c2e","","DER (SEV)","DN","0.035455304441665544","389"
"__export__.plain_result_abs_party_7570_56e8389c","","DER (SEV)","FE-JONS","0.05386654222371295","591"
"__export__.plain_result_abs_party_7571_1c0ac023","","DER (SEV)","FE","0.03591102814914196","394"
"__export__.plain_result_abs_party_7572_d45fab1e","","IT (SEV)","MSR","0.026614264516622976","292"
"__export__.plain_result_abs_party_7573_0ad3b137","","IT (SEV)","A","0.05969980567941113","655"
"__export__.plain_result_abs_party_7574_6f035e48","","IT (SEV)","PSDA","0.053137384291750675","583"
"__export__.plain_result_abs_party_7575_00e271c0","","ABS (SEV)","","23.38461946703668","334875"
"__export__.plain_result_abs_party_7576_53232bc2","","ABS (RIN)","","24.460191746561065","5868"
"__export__.plain_result_abs_party_7577_7cd7bb79","","IT (AND)","","54.623079363872286","2456549"
"__export__.plain_result_abs_party_7578_f125ec1b","","IA (AND)","","10.824337326197453","486800"
"__export__.plain_result_abs_party_7579_b6086dd6","","DER (AND)","","34.55258330993026","1553924"
"__export__.plain_result_abs_party_7580_9c8cd3c4","","IT (SEV)","PSOE","59.20743003054123","638577"
"__export__.plain_result_abs_party_7581_dfc5fc05","","DER (SEV)","PP","31.491031410923263","339644"
"__export__.plain_result_abs_party_7582_d665716f","","IA (SEV)","IU","5.386067487404292","58091"
"__export__.plain_result_abs_party_7583_021c7ea4","","DER (SEV)","UPyD","1.2486300950727927","13467"
"__export__.plain_result_abs_party_7584_f022eda8","","IT (SEV)","CA","1.688019567156402","18206"
"__export__.plain_result_abs_party_7585_a73df662","","DER (SEV)","C's","0.0632335133912263","682"
"__export__.plain_result_abs_party_7586_7fe0e7b5","","IA (SEV)","PACMA","0.14065284430277172","1517"
"__export__.plain_result_abs_party_7587_a951e842","","IA (SEV)","VERDES","0.2841799392142355","3065"
"__export__.plain_result_abs_party_7588_906c5f00","","IA (SEV)","PUM+J","0.07482323358756544","807"
"__export__.plain_result_abs_party_7589_9db798f2","","IA (SEV)","PCPE","0.04941856691719006","533"
"__export__.plain_result_abs_party_7590_e8fb6499","","DER (SEV)","FE-JONS","0.038385153290275205","414"
"__export__.plain_result_abs_party_7591_18ad1cee","","DER (SEV)","DN","0.025868255478228942","279"
"__export__.plain_result_abs_party_7592_6f917ec3","","DER (SEV)","PFyV","0.033841982973310265","365"
"__export__.plain_result_abs_party_7593_f6ed4b49","","IA (SEV)","PH","0.03643808029729023","393"
"__export__.plain_result_abs_party_7594_19ac5e55","","IT (SEV)","POSI","0.09809539174181442","1058"
"__export__.plain_result_abs_party_7595_b472be7f","","DER (SEV)","AES","0.026609997570794647","287"
"__export__.plain_result_abs_party_7596_484664e1","","DER (SEV)","FA","0.017523656936864765","189"
"__export__.plain_result_abs_party_7597_ec55e74d","","DER (SEV)","SAIn","0.056743270081276394","612"
"__export__.plain_result_abs_party_7598_e8e3f504","","DER (SEV)","AMD","0.03300752311917385","356"
"__export__.plain_result_abs_party_7599_b26cee96","","ABS (SEV)","","26.583648497422868","390534"
"__export__.plain_result_abs_party_7600_6089eef8","","ABS (RIN)","","28.372409106354063","7515"
"__export__.plain_result_abs_party_7601_4b99ba4a","","IT (AND)","","54.423685758484076","2454610"
"__export__.plain_result_abs_party_7602_5a377e75","","IA (AND)","","5.823372733769132","262645"
"__export__.plain_result_abs_party_7603_5fe4fc4f","","DER (AND)","","39.7529415077468","1792932"
"__export__.plain_result_abs_party_7604_7e959d0e","","DER (SEV)","PP","38.67694414732565","410046"
"__export__.plain_result_abs_party_7605_58fa39c7","","IT (SEV)","PSOE","42.99856062449655","455863"
"__export__.plain_result_abs_party_7606_9fd58b83","","IA (SEV)","IU-LV","8.6323857601808","91519"
"__export__.plain_result_abs_party_7607_fff45cac","","DER (SEV)","UPyD","5.518109154843225","58502"
"__export__.plain_result_abs_party_7608_b13bd278","","IA (SEV)","EQUO","1.0670809351601895","11313"
"__export__.plain_result_abs_party_7609_3ec8fef8","","IA (SEV)","Eb","0.27976328592637867","2966"
"__export__.plain_result_abs_party_7610_3311a1b9","","IA (SEV)","PA","2.1979245073015763","23302"
"__export__.plain_result_abs_party_7611_b2fbd241","","IA (SEV)","PUM+J","0.1334676498940748","1415"
"__export__.plain_result_abs_party_7612_420a846d","","IA (SEV)","PCPE","0.101586331403476","1077"
"__export__.plain_result_abs_party_7613_39cf9ba2","","IA (SEV)","ANTICAPITALISTAS","0.11262217241945251","1194"
"__export__.plain_result_abs_party_7614_03e8d012","","IA (SEV)","UCE","0.031315377925676915","332"
"__export__.plain_result_abs_party_7615_c8e9103c","","IA (SEV)","PH","0.08489108473828079","900"
"__export__.plain_result_abs_party_7616_2d0c982e","","DER (SEV)","SAIn","0.05593379249977834","593"
"__export__.plain_result_abs_party_7617_e7462e94","","DER (SEV)","FE-JONS","0.10941517588489524","1160"
"__export__.plain_result_abs_party_7618_d39e9ae9","","ABS (SEV)","","29.608818368147748","445947"
"__export__.plain_result_abs_party_7619_15486e7f","","ABS (RIN)","","30.62124391024501","8611"
"__export__.plain_result_abs_party_7620_6b4b702b","","IT (AND)","","36.911056939337634","1608489"
"__export__.plain_result_abs_party_7621_88b30ef5","","IA (AND)","","11.722054283605068","510817"
"__export__.plain_result_abs_party_7622_ea6e4e70","","DER (AND)","","51.3668887770573","2238437"
"__export__.plain_result_abs_party_7623_3d8ffff3","","DER (SEV)","PP","25.178949947030265","275463"
"__export__.plain_result_abs_party_7624_a6308b06","","IT (SEV)","PSOE","34.83571156312356","381110"
"__export__.plain_result_abs_party_7625_0bcae1bc","","DER (SEV)","C's","13.03210815880134","142574"
"__export__.plain_result_abs_party_7626_f20daad9","","IA (SEV)","PODEMOS","19.04972573652608","208408"
"__export__.plain_result_abs_party_7627_94fb60e2","","IA (SEV)","IU-UPeC    ","5.695411696850426","62309"
"__export__.plain_result_abs_party_7628_f3dbe0e9","","IA (SEV)","PACMA","0.9118654943552271","9976"
"__export__.plain_result_abs_party_7629_4ed60ff8","","DER (SEV)","UPYD","0.5869174357713426","6421"
"__export__.plain_result_abs_party_7630_c9c42190","","DER (SEV)","VOX","0.24834989456326706","2717"
"__export__.plain_result_abs_party_7631_8184a586","","IA (SEV)","RECORTESCE","0.12915657012068324","1413"
"__export__.plain_result_abs_party_7632_f345f450","","IA (SEV)","PCPE","0.08162548982149337","893"
"__export__.plain_result_abs_party_7633_b66c4696","","DER (SEV)","FEdelasJ","0.09040045849211305","989"
"__export__.plain_result_abs_party_7634_0f8bc50c","","DER (SEV)","P-LIB","0.05959666222129192","652"
"__export__.plain_result_abs_party_7635_569e7919","","IA (SEV)","PCOE","0.10018089232290787","1096"
"__export__.plain_result_abs_party_7636_7e95ee98","","ABS (SEV)","","28.549577738722448","437140"
"__export__.plain_result_abs_party_7637_26b0eef8","","ABS (RIN)","","27.33507063502949","7972"
"__export__.plain_result_abs_party_7638_b1f3dc36","","IT (AND)","","32.095788770669145","1428745"
"__export__.plain_result_abs_party_7639_bfd0a6d1","","IA (AND)","","23.9587393291659","1066524"
"__export__.plain_result_abs_party_7640_b7f16caa","","DER (AND)","","43.945471900164954","1956234"
"__export__.plain_result_abs_party_7641_2ec01502","","DER (SEV)","PP","29.02724970767932","299884"
"__export__.plain_result_abs_party_7642_400d8a78","","IT (SEV)","PSOE","34.56082205995091","357052"
"__export__.plain_result_abs_party_7643_f879122a","","IA (SEV)","PODEMOS-IU-EQUO","20.778289285188826","214663"
"__export__.plain_result_abs_party_7644_4ff8baa2","","DER (SEV)","C's","13.366024206475194","138086"
"__export__.plain_result_abs_party_7645_8d863f8f","","IA (SEV)","PACMA","1.2959872695312802","13389"
"__export__.plain_result_abs_party_7646_6cd25d62","","IA (SEV)","RECORTES CE","0.18875010647441903","1950"
"__export__.plain_result_abs_party_7647_9d2b1eb6","","DER (SEV)","UPyD","0.2625078403890381","2712"
"__export__.plain_result_abs_party_7648_b4939e15","","DER (SEV)","VOX","0.2077219120482581","2146"
"__export__.plain_result_abs_party_7649_b160ab75","","IA (SEV)","PCPE","0.1264141738746622","1306"
"__export__.plain_result_abs_party_7650_41572a25","","DER (SEV)","FE-JONS","0.08275966206955296","855"
"__export__.plain_result_abs_party_7651_5bfb3c31","","IA (SEV)","PCOE","0.10347377631854049","1069"
"__export__.plain_result_abs_party_7652_a932dca5","","ABS (SEV)","","32.55595029657803","498694"
"__export__.plain_result_abs_party_7653_da159f72","","ABS (RIN)","","32.10113398883141","9370"
"__export__.plain_result_abs_party_7654_802798f1","","IT (AND)","","31.539722448580388","1341491"
"__export__.plain_result_abs_party_7655_dfb00dce","","IA (AND)","","20.284021631951187","862748"
"__export__.plain_result_abs_party_7656_4bc07c78","","DER (AND)","","48.176255919468424","2049099"
"__export__.plain_result_abs_party_7657_9f007985","","IT (SEV)","PSOE","38.12305847535917","427934"
"__export__.plain_result_abs_party_7658_7842231c","","DER (SEV)","PP","14.511357167483144","162891"
"__export__.plain_result_abs_party_7659_84a3d13f","","DER (SEV)","Cs","16.680786845872674","187243"
"__export__.plain_result_abs_party_7660_94ceb7e3","","IA (SEV)","PODEMOS-IU-EQUO","15.990724334013063","179497"
"__export__.plain_result_abs_party_7661_094fa21c","","DER (SEV)","VOX","12.200280265512822","136949"
"__export__.plain_result_abs_party_7662_c87eb040","","IA (SEV)","PACMA","1.3427978622850458","15073"
"__export__.plain_result_abs_party_7663_fdbb3bf8","","IA (SEV)","RECORTES CE","0.1418253961890661","1592"
"__export__.plain_result_abs_party_7664_48ccfa30","","IA (SEV)","PACT","0.3177708468633158","3567"
"__export__.plain_result_abs_party_7665_39cabae1","","IA (SEV)","PUM+J","0.13603478642004013","1527"
"__export__.plain_result_abs_party_7666_a832944c","","IA (SEV)","PCTE","0.0739416324352543","830"
"__export__.plain_result_abs_party_7667_7f18ecb4","","IA (SEV)","AxSI","0.29291576800857366","3288"
"__export__.plain_result_abs_party_7668_7d6bdff3","","IA (SEV)","PCOE","0.11732666255087941","1317"
"__export__.plain_result_abs_party_7669_1887dcd2","","IA (SEV)","PCPA","0.07117995700694962","799"
"__export__.plain_result_abs_party_7670_9117ff03","","ABS (SEV)","","27.307243974148093","421673"
"__export__.plain_result_abs_party_7671_e34ed6e7","","ABS (RIN)","","25.479222520107236","7603"
"__export__.plain_result_abs_party_7672_e915b8b3","","IT (AND)","","35.16009108047463","1611766"
"__export__.plain_result_abs_party_7673_293e05c1","","IA (AND)","","16.546140794288405","758488"
"__export__.plain_result_abs_party_7674_b539a0a1","","DER (AND)","","48.293768125236966","2213824"
"__export__.plain_result_abs_party_7675_96486a29","","IT (SEV)","PSOE","37.41540248956354","394178"
"__export__.plain_result_abs_party_7676_87abd4a0","","DER (SEV)","PP","17.86072947970514","188166"
"__export__.plain_result_abs_party_7677_48da3ee5","","DER (SEV)","VOX","17.92214276357879","188813"
"__export__.plain_result_abs_party_7678_4e9bbeb7","","IA (SEV)","PODEMOS-IU","14.564060604564895","153435"
"__export__.plain_result_abs_party_7679_64218505","","DER (SEV)","Cs","7.93294466729567","83575"
"__export__.plain_result_abs_party_7680_bd64f37e","","IA (SEV)","MÁS PAÍS-EQUO","2.1250704781503496","22388"
"__export__.plain_result_abs_party_7681_183fbc87","","IA (SEV)","PACMA","1.1423630161041387","12035"
"__export__.plain_result_abs_party_7682_f35f065f","","IA (SEV)","RECORTES CE","0.1382036187326652","1456"
"__export__.plain_result_abs_party_7683_f766d950","","IA (SEV)","PUM+J","0.1330779350708768","1402"
"__export__.plain_result_abs_party_7684_25cb0627","","IA (SEV)","AxSÍ","0.4919707114638763","5183"
"__export__.plain_result_abs_party_7685_99a3eaea","","IA (SEV)","PCPE","0.0799226970967748","842"
"__export__.plain_result_abs_party_7686_d04adaa6","","IA (SEV)","PCTE","0.052206037295993046","550"
"__export__.plain_result_abs_party_7687_6b66684b","","IA (SEV)","PCOE","0.1419055013772902","1495"
"__export__.plain_result_abs_party_7688_5abfcd1e","","ABS (SEV)","","31.93202493435607","494226"
"__export__.plain_result_abs_party_7689_1cac5966","","ABS (RIN)","","31.046871361564822","9333"
"__export__.plain_result_abs_party_7690_387661f0","","IT (AND)","","34.54838887895266","1475798"
"__export__.plain_result_abs_party_7691_ed65eb0b","","IA (AND)","","16.44974206893581","702681"
"__export__.plain_result_abs_party_7692_16472e1d","","DER (AND)","","49.00186905211154","2093205"
